-- MySQL dump 10.13  Distrib 8.0.40, for Win64 (x86_64)
--
-- Host: localhost    Database: day1
-- ------------------------------------------------------
-- Server version	8.0.40

/*!40101 SET @OLD_CHARACTER_SET_CLIENT=@@CHARACTER_SET_CLIENT */;
/*!40101 SET @OLD_CHARACTER_SET_RESULTS=@@CHARACTER_SET_RESULTS */;
/*!40101 SET @OLD_COLLATION_CONNECTION=@@COLLATION_CONNECTION */;
/*!50503 SET NAMES utf8mb4 */;
/*!40103 SET @OLD_TIME_ZONE=@@TIME_ZONE */;
/*!40103 SET TIME_ZONE='+00:00' */;
/*!40014 SET @OLD_UNIQUE_CHECKS=@@UNIQUE_CHECKS, UNIQUE_CHECKS=0 */;
/*!40014 SET @OLD_FOREIGN_KEY_CHECKS=@@FOREIGN_KEY_CHECKS, FOREIGN_KEY_CHECKS=0 */;
/*!40101 SET @OLD_SQL_MODE=@@SQL_MODE, SQL_MODE='NO_AUTO_VALUE_ON_ZERO' */;
/*!40111 SET @OLD_SQL_NOTES=@@SQL_NOTES, SQL_NOTES=0 */;

--
-- Table structure for table `course`
--

DROP TABLE IF EXISTS `course`;
/*!40101 SET @saved_cs_client     = @@character_set_client */;
/*!50503 SET character_set_client = utf8mb4 */;
CREATE TABLE `course` (
  `cid` varchar(3) NOT NULL,
  `cname` varchar(45) NOT NULL,
  `credits` int DEFAULT NULL,
  PRIMARY KEY (`cid`)
) ENGINE=InnoDB DEFAULT CHARSET=utf8mb4 COLLATE=utf8mb4_0900_ai_ci;
/*!40101 SET character_set_client = @saved_cs_client */;

--
-- Dumping data for table `course`
--

LOCK TABLES `course` WRITE;
/*!40000 ALTER TABLE `course` DISABLE KEYS */;
INSERT INTO `course` VALUES ('c1','maths',4),('c2','biology',2),('c3','social',4),('c4','english ',4);
/*!40000 ALTER TABLE `course` ENABLE KEYS */;
UNLOCK TABLES;

--
-- Table structure for table `customer`
--

DROP TABLE IF EXISTS `customer`;
/*!40101 SET @saved_cs_client     = @@character_set_client */;
/*!50503 SET character_set_client = utf8mb4 */;
CREATE TABLE `customer` (
  `cid` varchar(3) NOT NULL,
  `cname` varchar(45) NOT NULL,
  `address` varchar(45) DEFAULT NULL,
  PRIMARY KEY (`cid`)
) ENGINE=InnoDB DEFAULT CHARSET=utf8mb4 COLLATE=utf8mb4_0900_ai_ci;
/*!40101 SET character_set_client = @saved_cs_client */;

--
-- Dumping data for table `customer`
--

LOCK TABLES `customer` WRITE;
/*!40000 ALTER TABLE `customer` DISABLE KEYS */;
INSERT INTO `customer` VALUES ('c1','ravi ','andhra pradesh'),('c2','kiran ','telangana'),('c3','gopal ','punjab'),('c4','ravi ','bihar');
/*!40000 ALTER TABLE `customer` ENABLE KEYS */;
UNLOCK TABLES;

--
-- Table structure for table `dept`
--

DROP TABLE IF EXISTS `dept`;
/*!40101 SET @saved_cs_client     = @@character_set_client */;
/*!50503 SET character_set_client = utf8mb4 */;
CREATE TABLE `dept` (
  `did` varchar(3) NOT NULL,
  `dname` varchar(45) NOT NULL,
  `block` varchar(45) DEFAULT NULL,
  `eid` varchar(45) NOT NULL,
  PRIMARY KEY (`did`),
  UNIQUE KEY `eid_UNIQUE` (`eid`),
  CONSTRAINT `fk_dept_emp` FOREIGN KEY (`eid`) REFERENCES `emp` (`eid`) ON DELETE RESTRICT ON UPDATE CASCADE
) ENGINE=InnoDB DEFAULT CHARSET=utf8mb4 COLLATE=utf8mb4_0900_ai_ci;
/*!40101 SET character_set_client = @saved_cs_client */;

--
-- Dumping data for table `dept`
--

LOCK TABLES `dept` WRITE;
/*!40000 ALTER TABLE `dept` DISABLE KEYS */;
INSERT INTO `dept` VALUES ('d1','it','ramanujan','e1'),('d2','ece','j.c.bose','e3'),('d3','mech','c.v.raman','e2');
/*!40000 ALTER TABLE `dept` ENABLE KEYS */;
UNLOCK TABLES;

--
-- Table structure for table `emp`
--

DROP TABLE IF EXISTS `emp`;
/*!40101 SET @saved_cs_client     = @@character_set_client */;
/*!50503 SET character_set_client = utf8mb4 */;
CREATE TABLE `emp` (
  `eid` varchar(3) NOT NULL,
  `ename` varchar(45) NOT NULL,
  `age` int DEFAULT NULL,
  PRIMARY KEY (`eid`)
) ENGINE=InnoDB DEFAULT CHARSET=utf8mb4 COLLATE=utf8mb4_0900_ai_ci;
/*!40101 SET character_set_client = @saved_cs_client */;

--
-- Dumping data for table `emp`
--

LOCK TABLES `emp` WRITE;
/*!40000 ALTER TABLE `emp` DISABLE KEYS */;
INSERT INTO `emp` VALUES ('e1','ravi ',20),('e2','hari',25),('e3','somesh',28),('e4','ravi',24),('e5','hari',25);
/*!40000 ALTER TABLE `emp` ENABLE KEYS */;
UNLOCK TABLES;

--
-- Table structure for table `orders`
--

DROP TABLE IF EXISTS `orders`;
/*!40101 SET @saved_cs_client     = @@character_set_client */;
/*!50503 SET character_set_client = utf8mb4 */;
CREATE TABLE `orders` (
  `oid` varchar(3) NOT NULL,
  `item` varchar(45) NOT NULL,
  `cost` int NOT NULL,
  `cid` varchar(3) NOT NULL,
  PRIMARY KEY (`oid`),
  KEY `fk_orders_customer_idx` (`cid`),
  CONSTRAINT `fk_orders_customer` FOREIGN KEY (`cid`) REFERENCES `customer` (`cid`) ON DELETE RESTRICT ON UPDATE CASCADE
) ENGINE=InnoDB DEFAULT CHARSET=utf8mb4 COLLATE=utf8mb4_0900_ai_ci;
/*!40101 SET character_set_client = @saved_cs_client */;

--
-- Dumping data for table `orders`
--

LOCK TABLES `orders` WRITE;
/*!40000 ALTER TABLE `orders` DISABLE KEYS */;
INSERT INTO `orders` VALUES ('o1','shoes',2000,'c1'),('o2','shirt',1500,'c2'),('o3','jeans',2000,'c2'),('o4','jacket',2500,'c1');
/*!40000 ALTER TABLE `orders` ENABLE KEYS */;
UNLOCK TABLES;

--
-- Table structure for table `student`
--

DROP TABLE IF EXISTS `student`;
/*!40101 SET @saved_cs_client     = @@character_set_client */;
/*!50503 SET character_set_client = utf8mb4 */;
CREATE TABLE `student` (
  `roll_no` int NOT NULL AUTO_INCREMENT,
  `sname` varchar(45) NOT NULL,
  `age` int DEFAULT NULL,
  PRIMARY KEY (`roll_no`)
) ENGINE=InnoDB AUTO_INCREMENT=6 DEFAULT CHARSET=utf8mb4 COLLATE=utf8mb4_0900_ai_ci;
/*!40101 SET character_set_client = @saved_cs_client */;

--
-- Dumping data for table `student`
--

LOCK TABLES `student` WRITE;
/*!40000 ALTER TABLE `student` DISABLE KEYS */;
INSERT INTO `student` VALUES (1,'dileep',16),(2,'balu',17),(3,'dileep',16),(4,'karthik',17),(5,'raju',15);
/*!40000 ALTER TABLE `student` ENABLE KEYS */;
UNLOCK TABLES;

--
-- Table structure for table `student_course`
--

DROP TABLE IF EXISTS `student_course`;
/*!40101 SET @saved_cs_client     = @@character_set_client */;
/*!50503 SET character_set_client = utf8mb4 */;
CREATE TABLE `student_course` (
  `roll_no` int NOT NULL,
  `cid` varchar(3) NOT NULL,
  PRIMARY KEY (`roll_no`,`cid`),
  KEY `fk_cid_idx` (`cid`),
  CONSTRAINT `fk_cid` FOREIGN KEY (`cid`) REFERENCES `course` (`cid`) ON DELETE CASCADE ON UPDATE CASCADE,
  CONSTRAINT `fk_roll_no` FOREIGN KEY (`roll_no`) REFERENCES `student` (`roll_no`) ON DELETE CASCADE ON UPDATE CASCADE
) ENGINE=InnoDB DEFAULT CHARSET=utf8mb4 COLLATE=utf8mb4_0900_ai_ci;
/*!40101 SET character_set_client = @saved_cs_client */;

--
-- Dumping data for table `student_course`
--

LOCK TABLES `student_course` WRITE;
/*!40000 ALTER TABLE `student_course` DISABLE KEYS */;
INSERT INTO `student_course` VALUES (1,'c1'),(2,'c1'),(1,'c2'),(2,'c2'),(3,'c3');
/*!40000 ALTER TABLE `student_course` ENABLE KEYS */;
UNLOCK TABLES;
/*!40103 SET TIME_ZONE=@OLD_TIME_ZONE */;

/*!40101 SET SQL_MODE=@OLD_SQL_MODE */;
/*!40014 SET FOREIGN_KEY_CHECKS=@OLD_FOREIGN_KEY_CHECKS */;
/*!40014 SET UNIQUE_CHECKS=@OLD_UNIQUE_CHECKS */;
/*!40101 SET CHARACTER_SET_CLIENT=@OLD_CHARACTER_SET_CLIENT */;
/*!40101 SET CHARACTER_SET_RESULTS=@OLD_CHARACTER_SET_RESULTS */;
/*!40101 SET COLLATION_CONNECTION=@OLD_COLLATION_CONNECTION */;
/*!40111 SET SQL_NOTES=@OLD_SQL_NOTES */;

-- Dump completed on 2025-06-24 17:03:06
